-- ============================================
-- Intelli-Migrate Generated SQL Script
-- ============================================
-- Generated: 2026-04-03T20:30:58.177018
-- Dialect: POSTGRESQL
-- Tables: 5
-- Records: 363
-- ============================================


-- DDL: Table Definitions
DROP TABLE IF EXISTS customer_orders CASCADE;

DROP TABLE IF EXISTS customer_orders_product CASCADE;

DROP TABLE IF EXISTS customer_orders_customer CASCADE;

DROP TABLE IF EXISTS customer_orders_address CASCADE;

DROP TABLE IF EXISTS customer_orders_order CASCADE;



CREATE TABLE customer_orders_order (
    order_id SERIAL PRIMARY KEY,
    customer_orders_id INTEGER NOT NULL,
    order_date TIMESTAMP,
    FOREIGN KEY (customer_orders_id) REFERENCES customer_orders(id) ON DELETE CASCADE
);

CREATE TABLE customer_orders_address (
    address_id SERIAL PRIMARY KEY,
    customer_orders_id INTEGER NOT NULL,
    address VARCHAR(50),
    zip_code INTEGER,
    city VARCHAR(50),
    FOREIGN KEY (customer_orders_id) REFERENCES customer_orders(id) ON DELETE CASCADE
);

CREATE TABLE customer_orders_customer (
    customer_id SERIAL PRIMARY KEY,
    customer_orders_id INTEGER NOT NULL,
    customer_name VARCHAR(50),
    FOREIGN KEY (customer_orders_id) REFERENCES customer_orders(id) ON DELETE CASCADE
);

CREATE TABLE customer_orders_product (
    product_id SERIAL PRIMARY KEY,
    customer_orders_id INTEGER NOT NULL,
    product_name VARCHAR(50),
    FOREIGN KEY (customer_orders_id) REFERENCES customer_orders(id) ON DELETE CASCADE
);

CREATE TABLE customer_orders (
    id SERIAL PRIMARY KEY,
    total_amount DECIMAL(10,2),
    quantity VARCHAR(50),
    st VARCHAR(50),
    phone VARCHAR(50),
    unit_price DECIMAL(10,2),
    email VARCHAR(50),
    category VARCHAR(50)
);

-- DML: Data Insertion
INSERT INTO customer_orders_order (order_id, order_date)
VALUES
    (1, '08-01-2026'),
    (2, '2025-10-20'),
    (3, '2025-04-09'),
    (4, 'TBD'),
    (5, '2026-03-01T20:11:58'),
    (6, '2024-13-45'),
    (7, '07/17/2025'),
    (8, '2026-03-16T20:11:58'),
    (9, '12/12/2025'),
    (10, '2025-05-21T20:11:58'),
    (11, '01/22/2026'),
    (12, '2025-07-25'),
    (13, '01/08/2026'),
    (14, '02/18/2026'),
    (15, '21-02-2026'),
    (16, '2026-03-28'),
    (17, '2025-05-12T20:11:58'),
    (18, '2025-08-06'),
    (19, '2025-06-01'),
    (20, '02/02/2026'),
    (21, '11/30/2025'),
    (22, ''),
    (23, '11/21/2025'),
    (24, '2025-07-13'),
    (25, '2026-02-22T20:11:58'),
    (26, '09/15/2025'),
    (27, '2025-09-10'),
    (28, '2026-01-19T20:11:58'),
    (29, '09/14/2025'),
    (30, '29-08-2025'),
    (31, '02/08/2026'),
    (32, '09-07-2025'),
    (33, '2025-05-28'),
    (34, '03/06/2026'),
    (35, '03/23/2026'),
    (36, '2026-02-24T20:11:58'),
    (37, '24-01-2026'),
    (38, '27-06-2025'),
    (39, 'not-a-date'),
    (40, '01/21/2026'),
    (41, '10/10/2025'),
    (42, '2025-10-26'),
    (43, '2025-05-14'),
    (45, '2025-05-05'),
    (46, '01-04-2026'),
    (47, '2025-08-27'),
    (48, '2026-04-01T20:11:58'),
    (49, '09-12-2025'),
    (50, '12/03/2025'),
    (51, '09/23/2025'),
    (52, '2026-02-12T20:11:58'),
    (53, '2025-05-03T20:11:58'),
    (55, '2025-06-21'),
    (56, '2025-07-09'),
    (57, '2025-09-14T20:11:58'),
    (58, '12/27/2025'),
    (59, '01/04/2026'),
    (60, '2026-01-08'),
    (61, '12-07-2025'),
    (62, '2025-12-24T20:11:58'),
    (63, '2025-06-14'),
    (64, '09-02-2026'),
    (65, '2025-04-11T20:11:58'),
    (67, '23-08-2025'),
    (68, '27-08-2025'),
    (69, '2025-05-19T20:11:58'),
    (70, '07/12/2025'),
    (71, '2025-06-20'),
    (73, '2025-08-28'),
    (74, '2025-06-05T20:11:58'),
    (75, '04/22/2025'),
    (76, '2025-08-07'),
    (78, '08/09/2025'),
    (79, '2026-01-17T20:11:58'),
    (80, '23-11-2025'),
    (81, '11/26/2025'),
    (82, '2026-01-10T20:11:58'),
    (83, '2025-11-02T20:11:58'),
    (84, '18-01-2026'),
    (85, '2026-02-16T20:11:58'),
    (86, '2025-12-30T20:11:58'),
    (88, '2025-09-19T20:11:58'),
    (89, '14-10-2025'),
    (90, '2026-02-02T20:11:58'),
    (91, '2025-04-09T20:11:58'),
    (92, '08/16/2025'),
    (93, '2025-07-17T20:11:58'),
    (94, '12-02-2026'),
    (96, '10-06-2025'),
    (97, '2025-06-30'),
    (98, '2026-02-02'),
    (99, '2025-08-18'),
    (100, '2025-07-15');
INSERT INTO customer_orders_address (address_id, address, zip_code, city)
VALUES
    (1, '6051 Main St', '77609', 'San Diego'),
    (2, '2478 Park St', '52059', 'San Antonio'),
    (3, '1725 Elm St', '80630', 'Los Angeles'),
    (4, '1103 Oak St', '86245', 'San Diego'),
    (5, '6948 Oak St', '32832', 'New York'),
    (6, '8307 Main St', '46208', 'New York'),
    (7, '7856 Oak St', '10683', 'San Diego'),
    (8, '327 Park St', '64655', 'San Antonio'),
    (9, '5968 Oak St', '62820', 'Chicago'),
    (10, '1019 Oak St', '32213', 'Chicago'),
    (11, '4018 Park St', '40997', 'Philadelphia'),
    (12, '5634 Main St', '93669', 'Phoenix'),
    (13, '4541 Main St', '58889', NULL),
    (14, '965 Elm St', '67383', 'San Diego'),
    (15, '6371 Oak St', '49064', 'Philadelphia'),
    (16, '1172 Elm St', '95290', 'San Diego'),
    (17, '7371 Elm St', '64171', 'San Antonio'),
    (18, '645 Main St', '46013', 'Phoenix'),
    (19, '9890 Oak St', '60348', 'San Antonio'),
    (20, '5395 Oak St', '67284', 'New York'),
    (21, '8408 Park St', '18145', 'Houston'),
    (22, '6553 Oak St', '19530', 'Chicago'),
    (23, '3348 Elm St', '64337', 'Houston'),
    (24, '3104 Park St', '89003', 'Los Angeles'),
    (25, '3354 Elm St', '61790', 'San Diego'),
    (26, '7487 Park St', '22881', 'Los Angeles'),
    (27, '4515 Elm St', '65921', 'Los Angeles'),
    (28, '4811 Park St', '37782', 'Chicago'),
    (29, '4318 Elm St', '12497', 'Houston'),
    (30, '2182 Oak St', '14107', 'New York'),
    (31, '8928 Park St', '24480', 'San Diego'),
    (32, '2344 Park St', '32510', 'Phoenix'),
    (33, '3963 Oak St', '53220', 'Chicago'),
    (34, '732 Main St', '68022', 'San Antonio'),
    (35, '8456 Elm St', '18839', 'New York'),
    (36, '1084 Main St', NULL, 'San Antonio'),
    (37, '2318 Oak St', '20440', 'San Diego'),
    (38, '519 Park St', '99413', 'New York'),
    (39, '1204 Main St', '88380', 'New York'),
    (40, '2194 Oak St', '32059', 'Houston'),
    (41, '9433 Park St', '73444', 'Houston'),
    (42, '7215 Main St', '10853', 'New York'),
    (43, '3753 Elm St', '17929', 'Philadelphia'),
    (44, '6778 Park St', '85581', 'Philadelphia'),
    (45, '4809 Elm St', '45830', 'San Diego'),
    (46, '8035 Main St', '14548', 'Los Angeles'),
    (47, '9640 Park St', '83094', 'Los Angeles'),
    (48, '8119 Oak St', '48904', 'San Diego'),
    (49, '1540 Main St', '50945', 'Phoenix'),
    (50, '7214 Main St', '38322', 'Philadelphia'),
    (51, '306 Oak St', '73208', 'Philadelphia'),
    (52, '9835 Elm St', '81544', 'San Diego'),
    (53, '6779 Main St', '22723', 'New York'),
    (54, '428 Park St', '64330', 'Phoenix'),
    (55, '3176 Oak St', '73045', 'Chicago'),
    (56, '635 Park St', '24728', 'Philadelphia'),
    (57, '2905 Oak St', '32448', 'Philadelphia'),
    (58, '9942 Park St', '35974', 'Chicago'),
    (59, '7027 Elm St', '12271', 'San Diego'),
    (60, '1074 Elm St', '11404', 'Los Angeles'),
    (61, '6124 Park St', '85475', 'San Diego'),
    (62, '3684 Park St', '84393', 'Phoenix'),
    (63, '3798 Main St', '68787', 'Houston'),
    (64, '4155 Oak St', '61757', 'Phoenix'),
    (65, '8289 Elm St', '33338', 'Houston'),
    (66, '1008 Park St', '97443', 'Phoenix'),
    (67, '5384 Main St', '86959', 'Phoenix'),
    (68, '1709 Park St', '23671', 'Chicago'),
    (69, '6493 Park St', '72647', 'Philadelphia'),
    (70, '383 Park St', '96609', 'New York'),
    (71, '1489 Oak St', '68012', 'Chicago'),
    (72, '8907 Oak St', '72152', 'Houston'),
    (73, '7418 Oak St', '22202', 'Los Angeles'),
    (74, '5318 Park St', '21228', 'Phoenix'),
    (75, '9468 Elm St', '30958', 'Los Angeles'),
    (76, '3779 Oak St', '73069', 'Los Angeles'),
    (77, '2045 Main St', '50296', 'Philadelphia'),
    (78, '8332 Park St', '48072', 'San Antonio'),
    (79, '4797 Oak St', '25054', 'San Antonio'),
    (80, '1035 Main St', '14811', 'Chicago'),
    (81, '6237 Elm St', '55009', 'Chicago'),
    (82, '8506 Main St', '92490', 'Chicago'),
    (83, '8187 Park St', '20253', 'Los Angeles'),
    (84, '3555 Main St', '35228', 'San Diego'),
    (85, '6888 Park St', '38226', 'Philadelphia'),
    (86, '6214 Oak St', '61892', 'San Antonio'),
    (87, '7948 Oak St', '83807', 'Chicago'),
    (88, '5618 Oak St', '47804', 'Los Angeles'),
    (89, '9973 Park St', '84614', 'Chicago'),
    (90, '7448 Oak St', '11668', 'San Diego'),
    (91, '8828 Main St', '66828', 'Chicago'),
    (92, '5809 Elm St', '22545', 'Phoenix'),
    (93, '6002 Elm St', '26169', 'Los Angeles'),
    (94, '3945 Main St', '43874', 'Phoenix'),
    (95, '7414 Park St', '73910', 'Los Angeles'),
    (96, '3418 Oak St', '24059', 'Chicago'),
    (97, '2603 Elm St', '66371', 'Houston'),
    (98, '9110 Elm St', '44287', 'San Diego'),
    (99, '9038 Oak St', '65887', 'Los Angeles'),
    (100, '1708 Oak St', '54264', 'Los Angeles');
INSERT INTO customer_orders_customer (customer_id, customer_name)
VALUES
    (1, 'Michael Smith'),
    (2, 'Jane Miller'),
    (3, 'William Garcia'),
    (4, 'Emily Jones'),
    (5, 'David Jones'),
    (6, 'John Garcia'),
    (7, 'Lisa Williams'),
    (8, 'Michael Brown'),
    (11, 'Jennifer Smith'),
    (12, 'David Garcia'),
    (13, 'John Jones'),
    (14, 'David Smith'),
    (15, 'Jane Brown'),
    (16, 'Robert Davis'),
    (17, 'Emily Garcia'),
    (18, 'Emily Miller'),
    (19, 'Michael Garcia'),
    (20, 'William Johnson'),
    (21, 'Sarah Miller'),
    (22, 'John Johnson'),
    (23, 'Jane Jones'),
    (24, 'Emily Rodriguez'),
    (26, 'John Miller'),
    (27, 'John Brown'),
    (29, 'Lisa Davis'),
    (30, 'Robert Brown'),
    (31, 'Emily Brown'),
    (32, 'Robert Williams'),
    (35, 'David Rodriguez'),
    (36, 'Jennifer Miller'),
    (37, 'Jennifer Rodriguez'),
    (38, 'Lisa Smith'),
    (40, 'Sarah Smith'),
    (41, 'David Martinez'),
    (45, 'Sarah Martinez'),
    (46, 'Emily Johnson'),
    (51, 'Jane Garcia'),
    (53, 'Sarah Garcia'),
    (54, 'Lisa Martinez'),
    (57, 'Jane Williams'),
    (58, 'Robert Smith'),
    (59, 'Jennifer Johnson'),
    (60, 'William Williams'),
    (61, 'Lisa Brown'),
    (63, 'David Miller'),
    (65, 'Robert Martinez'),
    (69, 'Michael Johnson'),
    (70, 'Jane Davis'),
    (71, 'Michael Miller'),
    (72, 'Sarah Brown'),
    (73, 'Lisa Miller'),
    (76, 'John Smith'),
    (78, 'Jennifer Williams'),
    (84, 'David Johnson'),
    (86, 'David Brown'),
    (87, 'Michael Jones'),
    (89, 'Sarah Davis'),
    (93, 'Lisa Garcia'),
    (97, 'Jane Smith'),
    (98, 'Jennifer Garcia');
INSERT INTO customer_orders_product (product_id, product_name)
VALUES
    (1, 'Yoga Mat'),
    (2, 'Blender'),
    (4, 'Headphones'),
    (5, 'Smartphone'),
    (6, 'Running Shoes'),
    (7, 'Laptop'),
    (8, 'Coffee Maker'),
    (11, 'Keyboard'),
    (14, 'Desk Chair'),
    (22, 'Monitor');
INSERT INTO customer_orders (id, total_amount, quantity, st, phone, unit_price, email, category)
VALUES
    (1, 89.97, 3, 'CA', '+13112156938', 29.99, 'michaelsmith181@yahoo.com', 'Sports'),
    (2, 149.97, 3, 'TX', '', 49.99, 'janemiller920@yahoo.com', 'Kitchen'),
    (3, 119.96, 4, 'CA', '554-917-1253', 29.99, 'williamgarcia559@outlook.com', 'Sports'),
    (4, 149.99, 1, 'CA', '9092084821', 149.99, 'emilyjones424@yahoo.com', 'Electronics'),
    (5, 3499.95, 5, 'NY', '(413) 583-2544', 699.99, 'davidjones697@yahoo.com', 'Electronics'),
    (6, 389.97, 3, 'NY', '+12563187214', 129.99, 'johngarcia537@yahoo.com', 'Sports'),
    (7, 4999.95, 5, 'CA', '351-728-3527', 999.99, 'lisawilliams70@gmail.com', 'Electronics'),
    (8, 239.97, 3, 'TX', '5914221370', 79.99, 'michaelbrown184@outlook.com', 'Kitchen'),
    (9, 149.99, 1, 'IL', '+15491073621', 149.99, 'davidjones408@outlook.com', 'Electronics'),
    (10, 149.95, 5, 'IL', '+19019048159', -100, 'emilyjones371@outlook.com', 'Sports'),
    (11, 449.95, 5, 'PA', '+18895146127', 89.99, '@gmail.com', 'Electronics'),
    (12, 2099.97, 3, 'AZ', '566-311-2045', 699.99, 'davidgarcia681@gmail.com', 'Electronics'),
    (13, 599.96, 4, 'AZ', '+12524289978', 149.99, 'johnjones@', 'Electronics'),
    (14, 249.99, 'many', 'CA', '+19172274832', 249.99, 'davidsmith309@gmail.com', 'Furniture'),
    (15, 1249.95, 5, 'PA', '+13384188958', 249.99, 'janebrowngmail.com', 'Furniture'),
    (16, 749.95, 5, 'CA', '+14538841077', 149.99, 'robertdavis883@gmail.com', 'Electronics'),
    (17, 179.98, 2, 'TX', '251-222-5215', 89.99, 'emilygarcia828@yahoo.com', 'Electronics'),
    (18, 249.99, 1, 'AZ', '+17799585692', 249.99, 'emilymiller562@gmail.com', 'Furniture'),
    (19, 129.99, 1, 'TX', '+18135638556', 129.99, 'michaelgarcia177@yahoo.com', 'Sports'),
    (20, 179.98, 2, 'NY', '3778915273', 89.99, 'williamjohnson126@yahoo.com', 'Electronics'),
    (21, 599.96, 4, 'TX', 'call-me', 149.99, 'sarahmiller42@email.com', 'Electronics'),
    (22, 1199.97, 3, 'IL', '(881) 605-4464', 399.99, 'johnjohnson513@email.com', 'Electronics'),
    (23, 99.98, 2, 'TX', '430-511-4508', 49.99, 'janejones636@email.com', 'Kitchen'),
    (24, 149.99, 1, 'CA', '853-412-7333', 149.99, 'emilyrodriguez88@outlook.com', 'Electronics'),
    (25, 2799.96, 4, 'CA', '+18794644378', 699.99, 'williamgarcia404@email.com', 'Electronics'),
    (26, 89.99, 1, 'CA', '8414541295', 89.99, 'johnmiller694@gmail.com', 'Electronics'),
    (27, 499.98, 2, 'CA', '(824) 426-3897', 249.99, 'johnbrown329@outlook.com', 'Furniture'),
    (28, 799.98, 2, 'IL', '7211310768', 399.99, 'jennifersmith271@gmail.com', 'Electronics'),
    (29, 199.96, -4, 'TX', '+15904492649', 49.99, 'lisadavis32@gmail.com', 'Kitchen'),
    (30, 499.98, 'many', 'NY', '123', 249.99, 'robertbrown50@outlook.com', 'Furniture'),
    (31, 199.96, 4, 'CA', '247-757-6316', 49.99, 'emilybrown323@gmail.com', 'Kitchen'),
    (32, 749.95, 5, 'AZ', NULL, 149.99, 'robertwilliams259@yahoo.com', 'Electronics'),
    (33, 249.99, 1, 'IL', '898-620-3569', 249.99, 'emilyrodriguez885@email.com', 'Furniture'),
    (34, 29.99, 1, 'TX', '919-755-5730', 29.99, 'emilymiller8@email.com', 'Sports'),
    (35, 49.99, 1, 'NY', '', 49.99, 'davidrodriguez732@email.com', 'Kitchen'),
    (36, 2999.97, 3, 'TX', '(663) 394-7159', 999.99, 'jennifermiller951@email.com', 'Electronics'),
    (37, 1999.98, 2, 'CA', '222-120-8856', 999.99, 'jenniferrodriguez462@email.com', 'Electronics'),
    (38, 149.99, 1, 'NY', '5710604729', 149.99, 'lisasmith597@yahoo.com', 'Electronics'),
    (39, 4999.95, 5, 'NY', '+14438380328', 999.99, 'emilyrodriguez145@email.com', 'Electronics'),
    (40, 149.97, 3, 'TX', '(272) 209-4428', 49.99, 'sarahsmith807@email.com', 'Kitchen'),
    (41, 1999.95, 5, 'TX', '+12293917358', 399.99, 'davidmartinez945@gmail.com', 'Electronics'),
    (42, 4999.95, 5, 'NY', '+19826508642', 999.99, 'davidmartinez994@outlook.com', 'Electronics'),
    (43, 29.99, 1, 'PA', '9615682096', 29.99, 'emilybrown980@outlook.com', 'Sports'),
    (44, 29.99, 1, 'PA', '+13353197962', 0, 'sarahsmith362@gmail.com', 'Sports'),
    (45, 49.99, 1, 'CA', '325-747-4448', 49.99, 'sarahmartinez954@outlook.com', 'Kitchen'),
    (46, 79.99, 1, 'CA', '+13773524629', 79.99, '@gmail.com', 'Kitchen'),
    (47, 149.95, 5, 'CA', '(842) 618-2409', 29.99, 'williamgarcia194@yahoo.com', 'Sports'),
    (48, 449.97, 3, 'CA', '7276300026', 149.99, 'sarahsmith521@gmail.com', 'Electronics'),
    (49, 449.95, 5, 'AZ', '+13447114957', 89.99, 'jennifersmith814@yahoo.com', 'Electronics'),
    (50, 449.95, 5, 'PA', '(559) 459-3839', 89.99, 'johngarcia563@outlook.com', 'Electronics'),
    (51, 159.98, 2, 'PA', '8557452012', 79.99, 'janegarcia731@yahoo.com', 'Kitchen'),
    (52, 389.97, 3, 'CA', '(516) 310-6528', 129.99, 'sarahsmith544@email.com', 'Sports'),
    (53, 2099.97, 3, 'NY', '205-482-1299', 699.99, 'sarahgarcia331@email.com', 'Electronics'),
    (54, 179.98, 2, 'AZ', '4995821955', 89.99, 'lisamartinez505@email.com', 'Electronics'),
    (55, 399.99, 1, 'IL', '648-640-6255', 399.99, 'michaelbrown909@gmail.com', 'Electronics'),
    (56, 2799.96, 4, 'PA', '3287999377', 699.99, 'janejones836@gmail.com', 'Electronics'),
    (57, 79.99, 1, 'PA', '(264) 897-5599', 79.99, 'janewilliams781@email.com', 'Kitchen'),
    (58, 499.98, 2, 'IL', '(134) 874-2512', 249.99, 'robertsmith838@email.com', 'Furniture'),
    (59, 59.98, 2, 'CA', '+15858716645', 29.99, 'jenniferjohnson@', 'Sports'),
    (60, 269.97, 3, 'CA', '000-000-0000', 89.99, 'williamwilliams18@outlook.com', 'Electronics'),
    (61, 359.96, 4, 'CA', '(749) 808-7584', 89.99, 'lisabrown967@yahoo.com', 'Electronics'),
    (62, 29.99, 1, 'AZ', '158-616-8764', 29.99, 'sarahsmith600@outlook.com', 'Sports'),
    (63, 649.95, 5, 'TX', '+12662904389', 129.99, 'davidmiller831@email.com', 'Sports'),
    (64, 89.99, 1, 'AZ', '+12643977198', 89.99, 'johnjones851@outlook.com', 'Electronics'),
    (65, 159.98, 2, 'TX', '(921) 856-6569', 79.99, 'robertmartinez886@email.com', 'Kitchen'),
    (66, 399.95, 5, 'AZ', '+11226904964', 79.99, 'sarahmartinez878@gmail.com', 'Kitchen'),
    (67, 449.95, 5, 'AZ', '351-251-7548', 89.99, '@gmail.com', 'Electronics'),
    (68, 799.98, 2, 'IL', '(871) 350-8353', 399.99, '@gmail.com', 'Electronics'),
    (69, 389.97, 3, 'PA', '942-641-2922', 129.99, 'michaeljohnson619@yahoo.com', 'Sports'),
    (70, 59.98, 2, 'NY', '(928) 570-5962', 29.99, 'janedavis687@email.com', 'Sports'),
    (71, 999.96, 4, 'IL', '482-687-4561', 249.99, 'michaelmiller191@outlook.com', 'Furniture'),
    (72, 3499.95, 5, 'TX', '+18540242098', 699.99, 'sarahbrown736@yahoo.com', 'Electronics'),
    (73, 1999.98, -1, 'CA', '694-801-8426', 999.99, 'lisamiller796@gmail.com', 'Electronics'),
    (74, 159.98, 2, 'AZ', '(490) 702-9148', 79.99, 'davidsmith627@gmail.com', 'Kitchen'),
    (75, 389.97, 3, 'CA', '1553009449', 129.99, 'emilyrodriguez334@email.com', 'Sports'),
    (76, 1999.95, 5, 'CA', '5509823358', 399.99, 'johnsmithgmail.com', 'Electronics'),
    (77, 2799.96, 4, 'PA', '(204) 599-9161', 699.99, 'michaelbrown960@yahoo.com', 'Electronics'),
    (78, 3499.95, 5, 'TX', '2829621954', 699.99, 'jenniferwilliams221@gmail.com', 'Electronics'),
    (79, 59.98, 2, 'TX', '+14947185581', 29.99, 'emilymiller179@email.com', 'Sports'),
    (80, 4999.95, 5, 'IL', '(711) 645-7201', 999.99, 'johnsmith369@yahoo.com', 'Electronics'),
    (81, 3999.96, 4, 'IL', '565-479-7448', 999999.99, 'emilyjones512@yahoo.com', 'Electronics'),
    (82, 359.96, 4, 'IL', '+18009662564', 89.99, 'lisasmith@', 'Electronics'),
    (83, 1999.95, 5, 'CA', '324-427-4777', 399.99, 'jennifersmith138@email.com', 'Electronics'),
    (84, 179.98, 2, 'CA', '+12442059634', 89.99, 'davidjohnson116@outlook.com', 'Electronics'),
    (85, 159.98, 2, 'PA', '+14130434616', 79.99, 'janemiller13@gmail.com', 'Kitchen'),
    (86, 1999.98, 2, 'TX', '4813282007', 999.99, 'davidbrown706@email.com', 'Electronics'),
    (87, 699.99, 1, 'IL', '418-585-3589', 699.99, 'michaeljonesgmail.com', 'Electronics'),
    (88, 2099.97, 3, 'CA', '3438329720', 699.99, 'sarahsmith2@outlook.com', 'Electronics'),
    (89, 1599.96, -3, 'IL', '(814) 926-8842', 399.99, 'sarahdavis618@yahoo.com', 'Electronics'),
    (90, 3999.96, 4, 'CA', '', 999.99, 'lisamiller98@outlook.com', 'Electronics'),
    (91, 149.99, 1, 'IL', '357-247-4904', 149.99, 'michaelbrown420@gmail.com', 'Electronics'),
    (92, 249.99, 1, 'AZ', '+16684643490', 249.99, 'johnsmith586@outlook.com', 'Furniture'),
    (93, 1999.98, 2, 'CA', '490-137-3480', 999.99, 'lisagarcia277@outlook.com', 'Electronics'),
    (94, 1999.98, 2, 'AZ', '508-580-7447', 999.99, 'davidjohnsongmail.com', 'Electronics'),
    (95, 399.95, 5, 'CA', '+15356410421', 79.99, 'jennifersmith189@yahoo.com', 'Kitchen'),
    (96, 1199.97, 3, 'IL', '154-800-1367', 399.99, 'sarahmartinez114@email.com', 'Electronics'),
    (97, 999.96, 4, 'TX', '(215) 485-8951', 249.99, 'janesmith552@yahoo.com', 'Furniture'),
    (98, 999.99, 1, 'CA', '3594014460', 999.99, 'jennifergarcia639@gmail.com', 'Electronics'),
    (99, 299.98, 2, 'CA', '8278003141', 149.99, 'jennifersmith485@outlook.com', 'Electronics'),
    (100, 2999.97, 3, 'CA', '+17267834911', 999999.99, 'johnbrown460@outlook.com', 'Electronics');