-- ============================================
-- Intelli-Migrate Generated SQL Script
-- ============================================
-- Generated: 2026-04-03T22:54:04.290729
-- Dialect: POSTGRESQL
-- Tables: 5
-- Records: 327
-- ============================================


-- DDL: Table Definitions
DROP TABLE IF EXISTS customer_orders CASCADE;

DROP TABLE IF EXISTS customer_orders_product CASCADE;

DROP TABLE IF EXISTS customer_orders_address CASCADE;

DROP TABLE IF EXISTS customer_orders_order CASCADE;

DROP TABLE IF EXISTS customer_orders_customer CASCADE;



CREATE TABLE customer_orders_customer (
    customer_id SERIAL PRIMARY KEY,
    customer_orders_id INTEGER NOT NULL,
    customer_name VARCHAR(50),
    FOREIGN KEY (customer_orders_id) REFERENCES customer_orders(id) ON DELETE CASCADE
);

CREATE TABLE customer_orders_order (
    order_id SERIAL PRIMARY KEY,
    customer_orders_id INTEGER NOT NULL,
    order_date TIMESTAMP,
    FOREIGN KEY (customer_orders_id) REFERENCES customer_orders(id) ON DELETE CASCADE
);

CREATE TABLE customer_orders_address (
    address_id SERIAL PRIMARY KEY,
    customer_orders_id INTEGER NOT NULL,
    city VARCHAR(50),
    address VARCHAR(50),
    zip_code INTEGER,
    FOREIGN KEY (customer_orders_id) REFERENCES customer_orders(id) ON DELETE CASCADE
);

CREATE TABLE customer_orders_product (
    product_id SERIAL PRIMARY KEY,
    customer_orders_id INTEGER NOT NULL,
    product_name VARCHAR(50),
    FOREIGN KEY (customer_orders_id) REFERENCES customer_orders(id) ON DELETE CASCADE
);

CREATE TABLE customer_orders (
    id SERIAL PRIMARY KEY,
    unit_price DECIMAL(10,2),
    phone VARCHAR(50),
    quantity VARCHAR(50),
    category VARCHAR(50),
    email VARCHAR(50),
    st VARCHAR(50),
    total_amount DECIMAL(10,2)
);

-- DML: Data Insertion
INSERT INTO customer_orders_customer (customer_id, customer_name)
VALUES
    (1, 'Michael Smith'),
    (2, 'Jane Miller'),
    (3, 'William Garcia'),
    (4, 'Emily Jones'),
    (5, 'David Jones'),
    (6, 'John Garcia'),
    (7, 'Lisa Williams'),
    (8, 'Michael Brown'),
    (12, 'David Garcia'),
    (14, 'David Smith'),
    (16, 'Robert Davis'),
    (17, 'Emily Garcia'),
    (18, 'Emily Miller'),
    (19, 'Michael Garcia'),
    (20, 'William Johnson'),
    (21, 'Sarah Miller'),
    (22, 'John Johnson'),
    (23, 'Jane Jones'),
    (24, 'Emily Rodriguez'),
    (26, 'John Miller'),
    (27, 'John Brown'),
    (28, 'Jennifer Smith'),
    (29, 'Lisa Davis'),
    (30, 'Robert Brown'),
    (31, 'Emily Brown'),
    (32, 'Robert Williams'),
    (35, 'David Rodriguez'),
    (36, 'Jennifer Miller'),
    (37, 'Jennifer Rodriguez'),
    (38, 'Lisa Smith'),
    (40, 'Sarah Smith'),
    (41, 'David Martinez'),
    (45, 'Sarah Martinez'),
    (51, 'Jane Garcia'),
    (53, 'Sarah Garcia'),
    (54, 'Lisa Martinez'),
    (57, 'Jane Williams'),
    (58, 'Robert Smith'),
    (60, 'William Williams'),
    (61, 'Lisa Brown'),
    (63, 'David Miller'),
    (64, 'John Jones'),
    (65, 'Robert Martinez'),
    (69, 'Michael Johnson'),
    (70, 'Jane Davis'),
    (71, 'Michael Miller'),
    (72, 'Sarah Brown'),
    (73, 'Lisa Miller'),
    (78, 'Jennifer Williams'),
    (80, 'John Smith'),
    (84, 'David Johnson'),
    (86, 'David Brown'),
    (89, 'Sarah Davis'),
    (93, 'Lisa Garcia'),
    (97, 'Jane Smith'),
    (98, 'Jennifer Garcia');
INSERT INTO customer_orders_order (order_id, order_date)
VALUES
    (1, '08-01-2026'),
    (2, '2025-10-20'),
    (3, '2025-04-09'),
    (4, 'TBD'),
    (5, '2026-03-01T20:11:58'),
    (6, '2024-13-45'),
    (7, '07/17/2025'),
    (8, '2026-03-16T20:11:58'),
    (9, '12/12/2025'),
    (10, '2025-05-21T20:11:58'),
    (11, '2025-07-25'),
    (12, '02/18/2026'),
    (13, '2026-03-28'),
    (14, '2025-05-12T20:11:58'),
    (15, '2025-08-06'),
    (16, '2025-06-01'),
    (17, '02/02/2026'),
    (18, '11/30/2025'),
    (19, ''),
    (20, '11/21/2025'),
    (21, '2025-07-13'),
    (22, '2026-02-22T20:11:58'),
    (23, '09/15/2025'),
    (24, '2025-09-10'),
    (25, '2026-01-19T20:11:58'),
    (26, '09/14/2025'),
    (27, '29-08-2025'),
    (28, '02/08/2026'),
    (29, '09-07-2025'),
    (30, '2025-05-28'),
    (31, '03/06/2026'),
    (32, '03/23/2026'),
    (33, '2026-02-24T20:11:58'),
    (34, '24-01-2026'),
    (35, '27-06-2025'),
    (36, 'not-a-date'),
    (37, '01/21/2026'),
    (38, '10/10/2025'),
    (39, '2025-10-26'),
    (40, '2025-05-14'),
    (42, '2025-05-05'),
    (43, '2025-08-27'),
    (44, '2026-04-01T20:11:58'),
    (45, '09-12-2025'),
    (46, '12/03/2025'),
    (47, '09/23/2025'),
    (48, '2026-02-12T20:11:58'),
    (49, '2025-05-03T20:11:58'),
    (51, '2025-06-21'),
    (52, '2025-07-09'),
    (53, '2025-09-14T20:11:58'),
    (54, '12/27/2025'),
    (55, '2026-01-08'),
    (56, '12-07-2025'),
    (57, '2025-12-24T20:11:58'),
    (58, '2025-06-14'),
    (59, '09-02-2026'),
    (60, '2025-04-11T20:11:58'),
    (62, '2025-05-19T20:11:58'),
    (63, '07/12/2025'),
    (64, '2025-06-20'),
    (66, '2025-08-28'),
    (67, '2025-06-05T20:11:58'),
    (68, '04/22/2025'),
    (70, '08/09/2025'),
    (71, '2026-01-17T20:11:58'),
    (72, '23-11-2025'),
    (73, '11/26/2025'),
    (74, '2025-11-02T20:11:58'),
    (75, '18-01-2026'),
    (76, '2026-02-16T20:11:58'),
    (77, '2025-12-30T20:11:58'),
    (78, '2025-09-19T20:11:58'),
    (79, '14-10-2025'),
    (80, '2026-02-02T20:11:58'),
    (81, '2025-04-09T20:11:58'),
    (82, '08/16/2025'),
    (83, '2025-07-17T20:11:58'),
    (85, '10-06-2025'),
    (86, '2025-06-30'),
    (87, '2026-02-02'),
    (88, '2025-08-18'),
    (89, '2025-07-15');
INSERT INTO customer_orders_address (address_id, city, address, zip_code)
VALUES
    (1, 'San Diego', '6051 Main St', '77609'),
    (2, 'San Antonio', '2478 Park St', '52059'),
    (3, 'Los Angeles', '1725 Elm St', '80630'),
    (4, 'San Diego', '1103 Oak St', '86245'),
    (5, 'New York', '6948 Oak St', '32832'),
    (6, 'New York', '8307 Main St', '46208'),
    (7, 'San Diego', '7856 Oak St', '10683'),
    (8, 'San Antonio', '327 Park St', '64655'),
    (9, 'Chicago', '5968 Oak St', '62820'),
    (10, 'Chicago', '1019 Oak St', '32213'),
    (11, 'Phoenix', '5634 Main St', '93669'),
    (12, 'San Diego', '965 Elm St', '67383'),
    (13, 'San Diego', '1172 Elm St', '95290'),
    (14, 'San Antonio', '7371 Elm St', '64171'),
    (15, 'Phoenix', '645 Main St', '46013'),
    (16, 'San Antonio', '9890 Oak St', '60348'),
    (17, 'New York', '5395 Oak St', '67284'),
    (18, 'Houston', '8408 Park St', '18145'),
    (19, 'Chicago', '6553 Oak St', '19530'),
    (20, 'Houston', '3348 Elm St', '64337'),
    (21, 'Los Angeles', '3104 Park St', '89003'),
    (22, 'San Diego', '3354 Elm St', '61790'),
    (23, 'Los Angeles', '7487 Park St', '22881'),
    (24, 'Los Angeles', '4515 Elm St', '65921'),
    (25, 'Chicago', '4811 Park St', '37782'),
    (26, 'Houston', '4318 Elm St', '12497'),
    (27, 'New York', '2182 Oak St', '14107'),
    (28, 'San Diego', '8928 Park St', '24480'),
    (29, 'Phoenix', '2344 Park St', '32510'),
    (30, 'Chicago', '3963 Oak St', '53220'),
    (31, 'San Antonio', '732 Main St', '68022'),
    (32, 'New York', '8456 Elm St', '18839'),
    (33, 'San Antonio', '1084 Main St', NULL),
    (34, 'San Diego', '2318 Oak St', '20440'),
    (35, 'New York', '519 Park St', '99413'),
    (36, 'New York', '1204 Main St', '88380'),
    (37, 'Houston', '2194 Oak St', '32059'),
    (38, 'Houston', '9433 Park St', '73444'),
    (39, 'New York', '7215 Main St', '10853'),
    (40, 'Philadelphia', '3753 Elm St', '17929'),
    (41, 'Philadelphia', '6778 Park St', '85581'),
    (42, 'San Diego', '4809 Elm St', '45830'),
    (43, 'Los Angeles', '9640 Park St', '83094'),
    (44, 'San Diego', '8119 Oak St', '48904'),
    (45, 'Phoenix', '1540 Main St', '50945'),
    (46, 'Philadelphia', '7214 Main St', '38322'),
    (47, 'Philadelphia', '306 Oak St', '73208'),
    (48, 'San Diego', '9835 Elm St', '81544'),
    (49, 'New York', '6779 Main St', '22723'),
    (50, 'Phoenix', '428 Park St', '64330'),
    (51, 'Chicago', '3176 Oak St', '73045'),
    (52, 'Philadelphia', '635 Park St', '24728'),
    (53, 'Philadelphia', '2905 Oak St', '32448'),
    (54, 'Chicago', '9942 Park St', '35974'),
    (55, 'Los Angeles', '1074 Elm St', '11404'),
    (56, 'San Diego', '6124 Park St', '85475'),
    (57, 'Phoenix', '3684 Park St', '84393'),
    (58, 'Houston', '3798 Main St', '68787'),
    (59, 'Phoenix', '4155 Oak St', '61757'),
    (60, 'Houston', '8289 Elm St', '33338'),
    (61, 'Phoenix', '1008 Park St', '97443'),
    (62, 'Philadelphia', '6493 Park St', '72647'),
    (63, 'New York', '383 Park St', '96609'),
    (64, 'Chicago', '1489 Oak St', '68012'),
    (65, 'Houston', '8907 Oak St', '72152'),
    (66, 'Los Angeles', '7418 Oak St', '22202'),
    (67, 'Phoenix', '5318 Park St', '21228'),
    (68, 'Los Angeles', '9468 Elm St', '30958'),
    (69, 'Philadelphia', '2045 Main St', '50296'),
    (70, 'San Antonio', '8332 Park St', '48072'),
    (71, 'San Antonio', '4797 Oak St', '25054'),
    (72, 'Chicago', '1035 Main St', '14811'),
    (73, 'Chicago', '6237 Elm St', '55009'),
    (74, 'Los Angeles', '8187 Park St', '20253'),
    (75, 'San Diego', '3555 Main St', '35228'),
    (76, 'Philadelphia', '6888 Park St', '38226'),
    (77, 'San Antonio', '6214 Oak St', '61892'),
    (78, 'Los Angeles', '5618 Oak St', '47804'),
    (79, 'Chicago', '9973 Park St', '84614'),
    (80, 'San Diego', '7448 Oak St', '11668'),
    (81, 'Chicago', '8828 Main St', '66828'),
    (82, 'Phoenix', '5809 Elm St', '22545'),
    (83, 'Los Angeles', '6002 Elm St', '26169'),
    (84, 'Los Angeles', '7414 Park St', '73910'),
    (85, 'Chicago', '3418 Oak St', '24059'),
    (86, 'Houston', '2603 Elm St', '66371'),
    (87, 'San Diego', '9110 Elm St', '44287'),
    (88, 'Los Angeles', '9038 Oak St', '65887'),
    (89, 'Los Angeles', '1708 Oak St', '54264');
INSERT INTO customer_orders_product (product_id, product_name)
VALUES
    (1, 'Yoga Mat'),
    (2, 'Blender'),
    (4, 'Headphones'),
    (5, 'Smartphone'),
    (6, 'Running Shoes'),
    (7, 'Laptop'),
    (8, 'Coffee Maker'),
    (12, 'Desk Chair'),
    (14, 'Keyboard'),
    (19, 'Monitor');
INSERT INTO customer_orders (id, unit_price, phone, quantity, category, email, st, total_amount)
VALUES
    (1, 29.99, '+13112156938', 3, 'Sports', 'michaelsmith181@yahoo.com', 'CA', 89.97),
    (2, 49.99, '', 3, 'Kitchen', 'janemiller920@yahoo.com', 'TX', 149.97),
    (3, 29.99, '554-917-1253', 4, 'Sports', 'williamgarcia559@outlook.com', 'CA', 119.96),
    (4, 149.99, '9092084821', 1, 'Electronics', 'emilyjones424@yahoo.com', 'CA', 149.99),
    (5, 699.99, '(413) 583-2544', 5, 'Electronics', 'davidjones697@yahoo.com', 'NY', 3499.95),
    (6, 129.99, '+12563187214', 3, 'Sports', 'johngarcia537@yahoo.com', 'NY', 389.97),
    (7, 999.99, '351-728-3527', 5, 'Electronics', 'lisawilliams70@gmail.com', 'CA', 4999.95),
    (8, 79.99, '5914221370', 3, 'Kitchen', 'michaelbrown184@outlook.com', 'TX', 239.97),
    (9, 149.99, '+15491073621', 1, 'Electronics', 'davidjones408@outlook.com', 'IL', 149.99),
    (10, -100, '+19019048159', 5, 'Sports', 'emilyjones371@outlook.com', 'IL', 149.95),
    (11, 699.99, '566-311-2045', 3, 'Electronics', 'davidgarcia681@gmail.com', 'AZ', 2099.97),
    (12, 249.99, '+19172274832', 'many', 'Furniture', 'davidsmith309@gmail.com', 'CA', 249.99),
    (13, 149.99, '+14538841077', 5, 'Electronics', 'robertdavis883@gmail.com', 'CA', 749.95),
    (14, 89.99, '251-222-5215', 2, 'Electronics', 'emilygarcia828@yahoo.com', 'TX', 179.98),
    (15, 249.99, '+17799585692', 1, 'Furniture', 'emilymiller562@gmail.com', 'AZ', 249.99),
    (16, 129.99, '+18135638556', 1, 'Sports', 'michaelgarcia177@yahoo.com', 'TX', 129.99),
    (17, 89.99, '3778915273', 2, 'Electronics', 'williamjohnson126@yahoo.com', 'NY', 179.98),
    (18, 149.99, 'call-me', 4, 'Electronics', 'sarahmiller42@email.com', 'TX', 599.96),
    (19, 399.99, '(881) 605-4464', 3, 'Electronics', 'johnjohnson513@email.com', 'IL', 1199.97),
    (20, 49.99, '430-511-4508', 2, 'Kitchen', 'janejones636@email.com', 'TX', 99.98),
    (21, 149.99, '853-412-7333', 1, 'Electronics', 'emilyrodriguez88@outlook.com', 'CA', 149.99),
    (22, 699.99, '+18794644378', 4, 'Electronics', 'williamgarcia404@email.com', 'CA', 2799.96),
    (23, 89.99, '8414541295', 1, 'Electronics', 'johnmiller694@gmail.com', 'CA', 89.99),
    (24, 249.99, '(824) 426-3897', 2, 'Furniture', 'johnbrown329@outlook.com', 'CA', 499.98),
    (25, 399.99, '7211310768', 2, 'Electronics', 'jennifersmith271@gmail.com', 'IL', 799.98),
    (26, 49.99, '+15904492649', -4, 'Kitchen', 'lisadavis32@gmail.com', 'TX', 199.96),
    (27, 249.99, '123', 'many', 'Furniture', 'robertbrown50@outlook.com', 'NY', 499.98),
    (28, 49.99, '247-757-6316', 4, 'Kitchen', 'emilybrown323@gmail.com', 'CA', 199.96),
    (29, 149.99, NULL, 5, 'Electronics', 'robertwilliams259@yahoo.com', 'AZ', 749.95),
    (30, 249.99, '898-620-3569', 1, 'Furniture', 'emilyrodriguez885@email.com', 'IL', 249.99),
    (31, 29.99, '919-755-5730', 1, 'Sports', 'emilymiller8@email.com', 'TX', 29.99),
    (32, 49.99, '', 1, 'Kitchen', 'davidrodriguez732@email.com', 'NY', 49.99),
    (33, 999.99, '(663) 394-7159', 3, 'Electronics', 'jennifermiller951@email.com', 'TX', 2999.97),
    (34, 999.99, '222-120-8856', 2, 'Electronics', 'jenniferrodriguez462@email.com', 'CA', 1999.98),
    (35, 149.99, '5710604729', 1, 'Electronics', 'lisasmith597@yahoo.com', 'NY', 149.99),
    (36, 999.99, '+14438380328', 5, 'Electronics', 'emilyrodriguez145@email.com', 'NY', 4999.95),
    (37, 49.99, '(272) 209-4428', 3, 'Kitchen', 'sarahsmith807@email.com', 'TX', 149.97),
    (38, 399.99, '+12293917358', 5, 'Electronics', 'davidmartinez945@gmail.com', 'TX', 1999.95),
    (39, 999.99, '+19826508642', 5, 'Electronics', 'davidmartinez994@outlook.com', 'NY', 4999.95),
    (40, 29.99, '9615682096', 1, 'Sports', 'emilybrown980@outlook.com', 'PA', 29.99),
    (41, 0, '+13353197962', 1, 'Sports', 'sarahsmith362@gmail.com', 'PA', 29.99),
    (42, 49.99, '325-747-4448', 1, 'Kitchen', 'sarahmartinez954@outlook.com', 'CA', 49.99),
    (43, 29.99, '(842) 618-2409', 5, 'Sports', 'williamgarcia194@yahoo.com', 'CA', 149.95),
    (44, 149.99, '7276300026', 3, 'Electronics', 'sarahsmith521@gmail.com', 'CA', 449.97),
    (45, 89.99, '+13447114957', 5, 'Electronics', 'jennifersmith814@yahoo.com', 'AZ', 449.95),
    (46, 89.99, '(559) 459-3839', 5, 'Electronics', 'johngarcia563@outlook.com', 'PA', 449.95),
    (47, 79.99, '8557452012', 2, 'Kitchen', 'janegarcia731@yahoo.com', 'PA', 159.98),
    (48, 129.99, '(516) 310-6528', 3, 'Sports', 'sarahsmith544@email.com', 'CA', 389.97),
    (49, 699.99, '205-482-1299', 3, 'Electronics', 'sarahgarcia331@email.com', 'NY', 2099.97),
    (50, 89.99, '4995821955', 2, 'Electronics', 'lisamartinez505@email.com', 'AZ', 179.98),
    (51, 399.99, '648-640-6255', 1, 'Electronics', 'michaelbrown909@gmail.com', 'IL', 399.99),
    (52, 699.99, '3287999377', 4, 'Electronics', 'janejones836@gmail.com', 'PA', 2799.96),
    (53, 79.99, '(264) 897-5599', 1, 'Kitchen', 'janewilliams781@email.com', 'PA', 79.99),
    (54, 249.99, '(134) 874-2512', 2, 'Furniture', 'robertsmith838@email.com', 'IL', 499.98),
    (55, 89.99, '000-000-0000', 3, 'Electronics', 'williamwilliams18@outlook.com', 'CA', 269.97),
    (56, 89.99, '(749) 808-7584', 4, 'Electronics', 'lisabrown967@yahoo.com', 'CA', 359.96),
    (57, 29.99, '158-616-8764', 1, 'Sports', 'sarahsmith600@outlook.com', 'AZ', 29.99),
    (58, 129.99, '+12662904389', 5, 'Sports', 'davidmiller831@email.com', 'TX', 649.95),
    (59, 89.99, '+12643977198', 1, 'Electronics', 'johnjones851@outlook.com', 'AZ', 89.99),
    (60, 79.99, '(921) 856-6569', 2, 'Kitchen', 'robertmartinez886@email.com', 'TX', 159.98),
    (61, 79.99, '+11226904964', 5, 'Kitchen', 'sarahmartinez878@gmail.com', 'AZ', 399.95),
    (62, 129.99, '942-641-2922', 3, 'Sports', 'michaeljohnson619@yahoo.com', 'PA', 389.97),
    (63, 29.99, '(928) 570-5962', 2, 'Sports', 'janedavis687@email.com', 'NY', 59.98),
    (64, 249.99, '482-687-4561', 4, 'Furniture', 'michaelmiller191@outlook.com', 'IL', 999.96),
    (65, 699.99, '+18540242098', 5, 'Electronics', 'sarahbrown736@yahoo.com', 'TX', 3499.95),
    (66, 999.99, '694-801-8426', -1, 'Electronics', 'lisamiller796@gmail.com', 'CA', 1999.98),
    (67, 79.99, '(490) 702-9148', 2, 'Kitchen', 'davidsmith627@gmail.com', 'AZ', 159.98),
    (68, 129.99, '1553009449', 3, 'Sports', 'emilyrodriguez334@email.com', 'CA', 389.97),
    (69, 699.99, '(204) 599-9161', 4, 'Electronics', 'michaelbrown960@yahoo.com', 'PA', 2799.96),
    (70, 699.99, '2829621954', 5, 'Electronics', 'jenniferwilliams221@gmail.com', 'TX', 3499.95),
    (71, 29.99, '+14947185581', 2, 'Sports', 'emilymiller179@email.com', 'TX', 59.98),
    (72, 999.99, '(711) 645-7201', 5, 'Electronics', 'johnsmith369@yahoo.com', 'IL', 4999.95),
    (73, 999999.99, '565-479-7448', 4, 'Electronics', 'emilyjones512@yahoo.com', 'IL', 3999.96),
    (74, 399.99, '324-427-4777', 5, 'Electronics', 'jennifersmith138@email.com', 'CA', 1999.95),
    (75, 89.99, '+12442059634', 2, 'Electronics', 'davidjohnson116@outlook.com', 'CA', 179.98),
    (76, 79.99, '+14130434616', 2, 'Kitchen', 'janemiller13@gmail.com', 'PA', 159.98),
    (77, 999.99, '4813282007', 2, 'Electronics', 'davidbrown706@email.com', 'TX', 1999.98),
    (78, 699.99, '3438329720', 3, 'Electronics', 'sarahsmith2@outlook.com', 'CA', 2099.97),
    (79, 399.99, '(814) 926-8842', -3, 'Electronics', 'sarahdavis618@yahoo.com', 'IL', 1599.96),
    (80, 999.99, '', 4, 'Electronics', 'lisamiller98@outlook.com', 'CA', 3999.96),
    (81, 149.99, '357-247-4904', 1, 'Electronics', 'michaelbrown420@gmail.com', 'IL', 149.99),
    (82, 249.99, '+16684643490', 1, 'Furniture', 'johnsmith586@outlook.com', 'AZ', 249.99),
    (83, 999.99, '490-137-3480', 2, 'Electronics', 'lisagarcia277@outlook.com', 'CA', 1999.98),
    (84, 79.99, '+15356410421', 5, 'Kitchen', 'jennifersmith189@yahoo.com', 'CA', 399.95),
    (85, 399.99, '154-800-1367', 3, 'Electronics', 'sarahmartinez114@email.com', 'IL', 1199.97),
    (86, 249.99, '(215) 485-8951', 4, 'Furniture', 'janesmith552@yahoo.com', 'TX', 999.96),
    (87, 999.99, '3594014460', 1, 'Electronics', 'jennifergarcia639@gmail.com', 'CA', 999.99),
    (88, 149.99, '8278003141', 2, 'Electronics', 'jennifersmith485@outlook.com', 'CA', 299.98),
    (89, 999999.99, '+17267834911', 3, 'Electronics', 'johnbrown460@outlook.com', 'CA', 2999.97);